genus,species,catalog_number,field_number,specimen,weight(g),sl(mm),body_width,caudal_peduncle_width,hanging_photos,lateral_photos,
Salvelinus,fontinalis,,ST-HRN LMH 2/24/2025,1,45.3,139.57,17.22,4.98,,Img0318,
Salvelinus,fontinalis,,ST-HRN LMH 2/24/2025,2,23,114.83,14.84,4.52,,Img0319,
Salvelinus,fontinalis,,ST-HRN LMH 2/24/2025,3,34.6,125.45,14.75,4.88,,Img0320,
Salvelinus,fontinalis,,ST-HRN LMH 2/24/2025,4,41.4,136.12,18.62,4.88,,Img0321,
Salvelinus,fontinalis,,ST-HRN LMH 2/24/2025,5,42.4,139.29,15.73,4.8,,Img0326,
Salvelinus,fontinalis,,ST-HRN LMH 2/24/2025,6,44.8,138.62,18.46,4.89,,Img0327,
Salvelinus,fontinalis,,ST-HRN LMH 2/24/2025,7,27.8,113.68,16.44,4.11,,Img0328,
Salvelinus,fontinalis,,ST-HRN LMH 2/24/2025,8,28.8,123.37,15.93,4.43,,Img0329,
Salvelinus,fontinalis,,ST-HRN LMH 2/24/2025,9,15.7,103.46,13.55,3.31,,Img0330,
Salvelinus,fontinalis,,ST-HRN LMH 2/24/2025,10,34,129.47,17.33,4.06,,Img0331,
Salvelinus,fontinalis,,ST-HRN LMH 2/24/2025,11,15.6,99.81,13.78,3.45,,Img0332,
Salvelinus,fontinalis,,ST-HRN LMH 2/24/2025,12,36,131.03,17.34,4.13,,Img0333,
Salvelinus,fontinalis,,ST-HRN LMH 2/24/2025,13,18.7,106.19,14.51,3.79,,Img0334,
Salvelinus,fontinalis,,ST-HRN LMH 2/24/2025,14,13.7,91.72,12.86,3.21,,Img0335,
Salvelinus,fontinalis,,ST-HRN LMH 2/24/2025,15,41.2,133.95,17.47,4.41,,Img0336,
Salvelinus,fontinalis,,ST-HRN LMH 2/24/2025,16,43.1,140.19,18.04,4.77,,Img0337,
Salvelinus,fontinalis,,ST-HRN LMH 2/24/2025,17,19.8,112.77,14.92,3.6,,Img0339,
Salvelinus,fontinalis,,ST-HRN LMH 2/24/2025,18,33,129.5,16.56,3.81,,Img0340,
Salvelinus,fontinalis,,ST-HRN LMH 2/24/2025,19,10.7,87.73,12.56,2.55,,Img0341,
Salvelinus,fontinalis,,ST-HRN LMH 2/24/2025,20,25.6,121.05,15.01,3.11,,Img0343,
Salvelinus,fontinalis,,ST-HRN LMH 2/24/2025,21,10.5,89.26,11.76,2.36,,img0344,
Salvelinus,fontinalis,,ST-HRN LMH 2/24/2025,22,21.8,112.1,15.35,3.42,,Img0345,
Salvelinus,fontinalis,,ST-HRN LMH 2/24/2025,23,27.9,119.19,16.03,4.06,,Img0346,
Salvelinus,fontinalis,,ST-HRN LMH 2/24/2025,24,28.1,116.93,16.27,4.57,,Img0348,
Salvelinus,fontinalis,,ST-HRN LMH 2/24/2025,25,11,92.35,10.99,2.77,,Img0349,
Salvelinus,fontinalis,,ST-HRN LMH 2/24/2025,26,34.1,131.69,16.54,4.07,,Img0350,
Salvelinus,fontinalis,,ST-HRN LMH 2/24/2025,27,32.6,127.25,15.95,4.16,,Img0351,
Salvelinus,fontinalis,,ST-HRN LMH 2/24/2025,28,19.3,110.71,13.17,3.27,,Img0012,
Salvelinus,fontinalis,,ST-HRN LMH 2/24/2025,29,47.4,141.46,19.89,4.33,,Img0002,
Salvelinus,fontinalis,,ST-HRN LMH 2/24/2025,30,28,122.95,15.41,3.7,,Img0003,
Salvelinus,fontinalis,,ST-HRN LMH 2/24/2025,31,25.3,117.3,14.6,3.96,,Img0004,
Salvelinus,fontinalis,,ST-HRN LMH 2/24/2025,32,25.8,117.69,14.61,3.64,,Img0005,
Salvelinus,fontinalis,,ST-HRN LMH 2/24/2025,33,11.3,90.97,11.87,2.47,,Img0007,
Salvelinus,fontinalis,,ST-HRN LMH 2/24/2025,34,16.5,103.59,13.27,2.87,,Img0008,
Salvelinus,fontinalis,,ST-HRN LMH 2/24/2025,35,13.7,94.43,12.79,2.92,,Img0009,
Salvelinus,fontinalis,,ST-HRN LMH 2/24/2025,36,22.1,109.01,13.79,3.4,,Img0010,
Salvelinus,fontinalis,,ST-HRN LMH 2/24/2025,37,26,120.6,14.16,3.49,,img0011,
Salvelinus,fontinalis,,ST-HRN LMH 2/24/2025,38,16.3,99.75,13.84,3.17,,Img0001,
Salvelinus,fontinalis,,ST-HRN LMH 2/24/2025,39,8.6,87.92,10.02,2.03,,Img0013,
Salvelinus,fontinalis,,ST-HRN LMH 2/24/2025,40,63.1,157.89,19.6,4.36,,Img0014,
Salvelinus,fontinalis,,ST-HRN LMH 2/24/2025,41,17.8,101.95,14.47,3.26,,Img0015,
Salvelinus,fontinalis,,ST-HRN LMH 2/24/2025,42,18.7,105.38,14.91,3.13,,Img0019,
Salvelinus,fontinalis,,ST-HRN LMH 2/24/2025,43,10.2,91,10.89,2.62,,Img0020,
Salvelinus,fontinalis,,ST-HRN LMH 2/24/2025,44,17.6,107.5,14.14,2.72,,Img0021,
Salvelinus,fontinalis,,ST-HRN LMH 2/24/2025,45,17.2,101.84,13.01,3.09,,Img0022,
Salvelinus,fontinalis,,ST-HRN LMH 2/24/2025,46,11.5,92.43,11.66,2.71,,Img0023,
Salvelinus,fontinalis,,ST-HRN LMH 2/24/2025,47,26,116.81,16.16,3.42,,Img0024,
Salvelinus,fontinalis,,ST-HRN LMH 2/24/2025,48,45.2,137.28,18.92,4.5,,Img0025,
Salvelinus,fontinalis,,ST-HRN LMH 2/24/2025,49,17.4,104.15,11.81,3.12,,Img0026,
Salvelinus,fontinalis,,ST-HRN LMH 2/24/2025,50,23.8,111.65,14.47,3.15,,Img0028,
,,,,,,,,,,,
Salvelinus,fontinalis,,ST-TXD LMH 2/24/2025,1,48.9,151.78,18.39,4.1,,Img0030,
Salvelinus,fontinalis,,ST-TXD LMH 2/24/2025,2,30.8,124.55,16.64,3.67,,Img0031,
Salvelinus,fontinalis,,ST-TXD LMH 2/24/2025,3,54.7,148.48,20.04,4.44,,Img0032,
Salvelinus,fontinalis,,ST-TXD LMH 2/24/2025,4,45.8,145.73,18.59,4.43,,Img0033,
Salvelinus,fontinalis,,ST-TXD LMH 2/24/2025,5,52.3,149.8,19.03,4.55,,Img0034,
Salvelinus,fontinalis,,ST-TXD LMH 2/24/2025,6,41.8,137.25,16.93,3.97,,Img0035,
Salvelinus,fontinalis,,ST-TXD LMH 2/24/2025,7,46.7,144.77,18.57,3.79,,Img0036,
Salvelinus,fontinalis,,ST-TXD LMH 2/24/2025,8,44.2,139.21,16.92,3.48,,Img0037,
Salvelinus,fontinalis,,ST-TXD LMH 2/24/2025,9,37.3,134.46,15.5,3.42,,Img0038,
Salvelinus,fontinalis,,ST-TXD LMH 2/24/2025,10,40.8,135.91,17.6,3.42,,Img0039,
Salvelinus,fontinalis,,ST-TXD LMH 2/24/2025,11,40.1,138.67,17.63,3.22,,Img0040,
Salvelinus,fontinalis,,ST-TXD LMH 2/24/2025,12,62.7,158.89,20.22,4.24,,Img0041,
Salvelinus,fontinalis,,ST-TXD LMH 2/24/2025,13,30.2,122.26,16.87,3.19,,Img0042,
Salvelinus,fontinalis,,ST-TXD LMH 2/24/2025,14,31.7,123.1,17.8,3.29,,Img0044,
Salvelinus,fontinalis,,ST-TXD LMH 2/24/2025,15,43,139.26,18.82,3.36,,Img0045,
Salvelinus,fontinalis,,ST-TXD LMH 2/24/2025,16,50.8,145.98,18.96,4.05,,Img0046,
Salvelinus,fontinalis,,ST-TXD LMH 2/24/2025,17,36.6,132.42,16.85,3.05,,Img0047,
Salvelinus,fontinalis,,ST-TXD LMH 2/24/2025,18,31.7,129.36,16.81,3.58,,Img0048,
Salvelinus,fontinalis,,ST-TXD LMH 2/24/2025,19,44.5,142.8,18.13,3.09,,Img0049,
Salvelinus,fontinalis,,ST-TXD LMH 2/24/2025,20,46.1,144.43,18.76,3.47,,Img0050,
Salvelinus,fontinalis,,ST-TXD LMH 2/24/2025,21,32.2,128.18,15.69,3.09,,Img0052,
Salvelinus,fontinalis,,ST-TXD LMH 2/24/2025,22,46.3,138.39,18.01,3.64,,Img0053,
Salvelinus,fontinalis,,ST-TXD LMH 2/24/2025,23,52.4,145.09,18.48,3.56,,Img0054,
Salvelinus,fontinalis,,ST-TXD LMH 2/24/2025,24,35.9,134.14,16.88,3.11,,Img0055,
Salvelinus,fontinalis,,ST-TXD LMH 2/24/2025,25,47,145.61,17.92,3.6,,Img0056,
Salvelinus,fontinalis,,ST-TXD LMH 2/24/2025,26,56.6,156.89,17.11,4.05,,Img0057,
Salvelinus,fontinalis,,ST-TXD LMH 2/24/2025,27,52.4,153.89,17.72,3.9,,Img0058,
Salvelinus,fontinalis,,ST-TXD LMH 2/24/2025,28,47.8,152.12,17.71,3.91,,Img0059,
Salvelinus,fontinalis,,ST-TXD LMH 2/24/2025,29,52.5,149.45,17.51,3.93,,Img0060,
Salvelinus,fontinalis,,ST-TXD LMH 2/24/2025,30,45,138.81,17.39,3.73,,Img0061,
Salvelinus,fontinalis,,ST-TXD LMH 2/24/2025,31,41.4,141.64,18.52,3.77,,Img0062,
Salvelinus,fontinalis,,ST-TXD LMH 2/24/2025,32,39.3,138.05,17.17,3.04,,Img0063,
Salvelinus,fontinalis,,ST-TXD LMH 2/24/2025,33,25.5,116.91,15.98,3.24,,Img0064,
Salvelinus,fontinalis,,ST-TXD LMH 2/24/2025,34,56.5,152.33,18.42,4.19,,Img0065,
Salvelinus,fontinalis,,ST-TXD LMH 2/24/2025,35,44.1,141.2,16.29,3.47,,Img0066,
Salvelinus,fontinalis,,ST-TXD LMH 2/24/2025,36,28,118.09,15.59,2.62,,Img0067,
Salvelinus,fontinalis,,ST-TXD LMH 2/24/2025,37,11.6,89.04,12.16,1.64,,Img0068,
Salvelinus,fontinalis,,ST-TXD LMH 2/24/2025,38,25.8,118,14.7,2.59,,Img0069,
Salvelinus,fontinalis,,ST-TXD LMH 2/24/2025,39,31.2,123.85,15.66,3.33,,Img0070,
Salvelinus,fontinalis,,ST-TXD LMH 2/24/2025,40,50.8,140.17,18.42,3.3,,Img0071,
Salvelinus,fontinalis,,ST-TXD LMH 2/24/2025,41,42.2,146.18,17.13,3.63,,Img0072,
Salvelinus,fontinalis,,ST-TXD LMH 2/24/2025,42,41.2,139.03,16.47,3.67,,Img0073,
Salvelinus,fontinalis,,ST-TXD LMH 2/24/2025,43,41.2,138.75,16.49,3.08,,Img0074,
Salvelinus,fontinalis,,ST-TXD LMH 2/24/2025,44,45.2,148.53,16.73,3.34,,Img0075,
Salvelinus,fontinalis,,ST-TXD LMH 2/24/2025,45,49,150.11,17.63,3.28,,Img0076,
Salvelinus,fontinalis,,ST-TXD LMH 2/24/2025,46,26.4,117.87,14.59,2.85,,Img0077,
Salvelinus,fontinalis,,ST-TXD LMH 2/24/2025,47,43.6,141.32,16.87,3.76,,Img0078,
Salvelinus,fontinalis,,ST-TXD LMH 2/24/2025,48,36.7,136.85,16.49,2.95,,Img0081,
Salvelinus,fontinalis,,ST-TXD LMH 2/24/2025,49,47.5,153.16,17.21,3.41,,Img0080,
Salvelinus,fontinalis,,ST-TXD LMH 2/24/2025,50,60.2,158.91,18.59,2.96,,Img0082,
Salvelinus,fontinalis,,ST-TXD LMH 2/24/2025,51,36.7,128.15,16.42,2.34,,Img0083,
,,,,,,,,,,,
Salvelinus,fontinalis,,ST-ASN LMH 2/24/2025,1,45.7,148.88,16.68,2.84,,Img0084,L105 to L115 is mislabeled ST-TXD when it is ST-ASN
Salvelinus,fontinalis,,ST-ASN LMH 2/24/2025,2,43.8,138.61,17.74,3.3,,Img0085,
Salvelinus,fontinalis,,ST-ASN LMH 2/24/2025,3,36.4,134.99,16.54,3.29,,Img0086,
Salvelinus,fontinalis,,ST-ASN LMH 2/24/2025,4,21.7,112.04,14.44,2.7,,Img0087,
Salvelinus,fontinalis,,ST-ASN LMH 2/24/2025,5,24.7,115.6,14.09,2.55,,Img0088,
Salvelinus,fontinalis,,ST-ASN LMH 2/24/2025,6,44.9,138.59,18.75,2.84,,Img0089,
Salvelinus,fontinalis,,ST-ASN LMH 2/24/2025,7,40.4,141.05,16.51,2.75,,Img0090,
Salvelinus,fontinalis,,ST-ASN LMH 2/24/2025,8,35.3,140.18,16.19,3.05,,Img0091,
Salvelinus,fontinalis,,ST-ASN LMH 2/24/2025,9,44.9,142.91,16.28,3.28,,Img0092,
Salvelinus,fontinalis,,ST-ASN LMH 2/24/2025,10,37.1,140.01,14.92,2.54,,Img0093,
Salvelinus,fontinalis,,ST-ASN LMH 2/24/2025,11,19.4,104.17,14.84,1.98,,Img0094,
Salvelinus,fontinalis,,ST-ASN LMH 2/24/2025,12,52.2,153.9,18.24,3.41,,Img0095,
Salvelinus,fontinalis,,ST-ASN LMH 2/24/2025,13,11.5,89.18,12.24,1.86,,,
Salvelinus,fontinalis,,ST-ASN LMH 2/24/2025,14,42.4,146.69,18.15,2.88,,,
Salvelinus,fontinalis,,ST-ASN LMH 2/24/2025,15,36.9,139.96,16.15,2.56,,,
Salvelinus,fontinalis,,ST-ASN LMH 2/24/2025,16,49,156.93,17.55,3.14,,,
Salvelinus,fontinalis,,ST-ASN LMH 2/24/2025,17,37.9,143.01,16.22,2.66,,,
Salvelinus,fontinalis,,ST-ASN LMH 2/24/2025,18,34.5,134.31,15.15,2.7,,,
Salvelinus,fontinalis,,ST-ASN LMH 2/24/2025,19,51.1,155.91,17.21,2.78,,,
Salvelinus,fontinalis,,ST-ASN LMH 2/24/2025,20,26.6,125.42,13.16,1.92,,,
Salvelinus,fontinalis,,ST-ASN LMH 2/24/2025,21,,,,,,,
Salvelinus,fontinalis,,ST-ASN LMH 2/24/2025,22,31.9,128.37,16.22,2.77,,Img0096,
Salvelinus,fontinalis,,ST-ASN LMH 2/24/2025,23,43.1,150.01,16.05,2.86,,Img0098,
Salvelinus,fontinalis,,ST-ASN LMH 2/24/2025,24,41.5,146.32,17.2,3.04,,Img0099,
Salvelinus,fontinalis,,ST-ASN LMH 2/24/2025,25,58.7,157.91,19.97,2.79,,Img0100,
Salvelinus,fontinalis,,ST-ASN LMH 2/24/2025,26,50.7,150.44,18.56,3.06,,Img0101,
Salvelinus,fontinalis,,ST-ASN LMH 2/24/2025,27,40.9,140.52,16.21,3.36,,Img0102,
Salvelinus,fontinalis,,ST-ASN LMH 2/24/2025,28,17.6,99.26,14.48,2.35,,Img0103,
Salvelinus,fontinalis,,ST-ASN LMH 2/24/2025,29,26,121.06,14.15,2.45,,Img0104,
Salvelinus,fontinalis,,ST-ASN LMH 2/24/2025,30,40.5,142.46,16.64,2.67,,Img0105,
Salvelinus,fontinalis,,ST-ASN LMH 2/24/2025,31,29.4,126.97,14.57,2.63,,Img0106,
Salvelinus,fontinalis,,ST-ASN LMH 2/24/2025,32,30.1,130.78,15.56,3.08,,Img0107,
Salvelinus,fontinalis,,ST-ASN LMH 2/24/2025,33,29.7,130.73,14.76,2.93,,Img0108,
Salvelinus,fontinalis,,ST-ASN LMH 2/24/2025,34,39.8,140.1,17.08,2.83,,Img0109,
Salvelinus,fontinalis,,ST-ASN LMH 2/24/2025,35,22.7,118.13,14.66,2.27,,Img0110,
Salvelinus,fontinalis,,ST-ASN LMH 2/24/2025,36,24.1,126.69,14.87,2.68,,Img0111,
Salvelinus,fontinalis,,ST-ASN LMH 2/24/2025,37,41,142.68,16.96,2.76,,Img0112,
Salvelinus,fontinalis,,ST-ASN LMH 2/24/2025,38,44.1,147.1,16.7,2.91,,Img0113,
Salvelinus,fontinalis,,ST-ASN LMH 2/24/2025,39,41.7,149.86,16.93,3.02,,Img0114,
Salvelinus,fontinalis,,ST-ASN LMH 2/24/2025,40,26.1,122.01,14.08,2.51,,Img0115,
Salvelinus,fontinalis,,ST-ASN LMH 2/24/2025,41,39.3,146.62,15.49,3.3,,Img0116,
Salvelinus,fontinalis,,ST-ASN LMH 2/24/2025,42,45.5,147.4,15.83,3.15,,Img0117,
Salvelinus,fontinalis,,ST-ASN LMH 2/24/2025,43,29.3,128.33,15.82,2.52,,Img0118,
Salvelinus,fontinalis,,ST-ASN LMH 2/24/2025,44,35.8,134.98,16.12,3.27,,Img0119,
Salvelinus,fontinalis,,ST-ASN LMH 2/24/2025,45,26.5,123.56,15.51,2.62,,Img0120,
Salvelinus,fontinalis,,ST-ASN LMH 2/24/2025,46,29.4,126.93,14.33,3.12,,Img0121,
Salvelinus,fontinalis,,ST-ASN LMH 2/24/2025,47,24.3,119.22,14.73,2.421,,Img0122,
Salvelinus,fontinalis,,ST-ASN LMH 2/24/2025,48,9.5,84.37,11.02,1.99,,Img0123,
Salvelinus,fontinalis,,ST-ASN LMH 2/24/2025,49,37.3,137.62,15.23,2.81,,Img0124,
Salvelinus,fontinalis,,ST-ASN LMH 2/24/2025,50,7,78.84,9.88,2.11,,Img0125,
Salvelinus,fontinalis,,ST-ASN LMH 2/24/2025,51,11.1,88.05,10.38,2.01,,Img0126,
